target,created_at,success,duration,error_msg,response_body
1.1.1.1,2026-04-19 08:23:03.551635,True,0.03487,"""None""","""PING 1.1.1.1 (1.1.1.1): 56 data bytes\n64 bytes from 1.1.1.1: s..."""
8.8.8.8,2026-04-19 08:23:03.598482,True,0.029076,"""None""","""PING 8.8.8.8 (8.8.8.8): 56 data bytes\n64 bytes from 8.8.8.8: s..."""
google.com,2026-04-19 08:23:03.652175,True,0.050296868197619915,"""None""","""64.233.165.139"""
mail.ru,2026-04-19 08:23:03.681512,True,0.0282947588711977,"""None""","""89.221.239.1"""
ru.wikipedia.org,2026-04-19 08:23:03.753219,True,0.0686044991016388,"""None""","""185.15.59.224"""
youtube.com,2026-04-19 08:23:03.755632,True,0.001437620259821415,"""None""","""64.233.163.91"""
praha.eu,2026-04-19 08:23:03.760275,True,0.0020592203363776207,"""None""","""193.35.103.45"""
thelapod.com,2026-04-19 08:23:03.951022,True,0.18966221436858177,"""None""","""69.163.200.75"""
portal.rozhlas.cz,2026-04-19 08:23:03.955221,True,0.001582922413945198,"""None""","""91.241.10.4"""
cvut.cz,2026-04-19 08:23:03.957766,True,0.001550549641251564,"""None""","""147.32.3.202"""
ixbt.com,2026-04-19 08:23:03.962166,True,0.001594768837094307,"""None""","""91.208.42.67"""
omgvpn.com,2026-04-19 08:23:03.964733,True,0.0015624407678842545,"""None""","""188.114.97.1"""
https://www.google.com/generate_204,2026-04-19 08:23:05.043861,True,0.2539278296753764,"""No Content""",""""""
https://cloudflare.com/cdn-cgi/trace,2026-04-19 08:23:06.127969,True,0.32300917338579893,"""OK""","""fl=128f380\nh=cloudflare.com\nip=185.44.10.157\nts=1776586986.104..."""
http://example.com,2026-04-19 08:23:07.010988,True,0.13040882255882025,"""OK""","""<!doctype html><html lang=\""en\""><head><title>Example Domain</ti..."""
https://omgvpn.com/ip,2026-04-19 08:23:08.067640,False,,"""HTTP Error 403: Forbidden""","""None"""
1.1.1.1,2026-04-19 08:29:54.024124,True,0.033928,"""None""","""PING 1.1.1.1 (1.1.1.1): 56 data bytes\n64 bytes from 1.1.1.1: s..."""
8.8.8.8,2026-04-19 08:29:54.067838,True,0.025542000000000002,"""None""","""PING 8.8.8.8 (8.8.8.8): 56 data bytes\n64 bytes from 8.8.8.8: s..."""
google.com,2026-04-19 08:29:54.122435,True,0.05110503081232309,"""None""","""64.233.165.139"""
mail.ru,2026-04-19 08:29:54.148976,True,0.02551038470119238,"""None""","""185.180.201.1"""
ru.wikipedia.org,2026-04-19 08:29:54.223913,True,0.07220686040818691,"""None""","""185.15.59.224"""
youtube.com,2026-04-19 08:29:54.258089,True,0.03319454658776522,"""None""","""64.233.163.93"""
praha.eu,2026-04-19 08:29:54.262859,True,0.001885460689663887,"""None""","""193.35.103.45"""
thelapod.com,2026-04-19 08:29:54.418544,True,0.1545801516622305,"""None""","""69.163.200.75"""
portal.rozhlas.cz,2026-04-19 08:29:54.422749,True,0.0015995418652892113,"""None""","""91.241.10.4"""
cvut.cz,2026-04-19 08:29:54.425320,True,0.001497594639658928,"""None""","""147.32.3.202"""
ixbt.com,2026-04-19 08:29:54.429445,True,0.0016699060797691345,"""None""","""91.208.42.67"""
omgvpn.com,2026-04-19 08:29:54.431893,True,0.001494324766099453,"""None""","""188.114.97.1"""
https://www.google.com/generate_204,2026-04-19 08:29:55.515991,True,0.25435792468488216,"""No Content""",""""""
https://cloudflare.com/cdn-cgi/trace,2026-04-19 08:29:56.546923,True,0.2760658925399184,"""OK""","""fl=1031f24\nh=cloudflare.com\nip=185.44.10.157\nts=1776587396.522..."""
http://example.com,2026-04-19 08:29:57.424970,True,0.12393199559301138,"""OK""","""<!doctype html><html lang=\""en\""><head><title>Example Domain</ti..."""
https://omgvpn.com/ip,2026-04-19 08:29:58.474681,False,,"""HTTP Error 403: Forbidden""","""None"""
